age,income,score,zipcode,city,extra_data
0.23809523809523814,0.8125,0.6538461538461533,0.9536882906877199,Beverly,0.5
0.7619047619047619,0.625,1.0,0.0,New York,1.0
0.0,0.0,0.5961538461538458,0.6017906401598021,Chicago,0.5
1.0,1.0,0.4230769230769229,0.9999762199181964,SF,0.5
0.4285714285714284,0.625,0.8846153846153841,0.7526395890801864,Austin,0.5
0.5,0.625,0.0,0.027870255873680208,Unknown,0.0
0.5714285714285714,0.4375,0.5384615384615383,0.9999999999999999,San Francisco,0.5
